artist_name,count
Rihanna,72
Katy Perry,49
Adele,47
BoB feat. Bruno Mars,38
Coldplay,36
Lana Del Ray,35
Silbermond,35
Beyonce,34
Nicki Minaj,34
Taio Cruz,33
Chris Brown,33
Glasperlenspiel,31
Lady GaGa,29
Rosenstolz,28
Gotye,27
Drake,26
Carly Rae Jepsen,26
Unheilig,25
Nena,23
Avicci,22
Justin Bieber,22
Juli,21
Trey Songz,20
Amy Winehouse,20
Nickelback,20
Frida Gold,19
Muse,19
Christina Perri,19
Wiz Khalifa,19
Marlon Roudette,19
Foster The People,19
Pitbull,18
B.E.P.,18
Revolverheld,18
Aloe Blacc,18
Usher,18
Lil Wayne,17
Maroon 5,17
Christina Aguilera,17
Olly Murs,17
Linkin Park,17
Andreas Bourani,17
Booba,17
Rea,17
Tim Bendzko,17
Kings Of Leon,16
Eminem,16
Alexandra Stan,16
One Direction,16
Tyga,16
David Guetta,16
Kanye,15
Madcon,15
30 Seconds to Mars,15
Skrillex,15
Gossip,15
Ed Sheeran,15
Rick Ross,15
Asaf Avidan & The Mojos,15
M. Jackson,15
Nelly Furtado,15
Dragonette,14
Loreen,14
J Lo,14
Fun,14
Hurts,14
Roman Lob,13
Xavier Naidoo,13
Jessie J,13
DJ Shadow,13
Green Day,13
R.H.C.P.,12
The Beat Shakers,12
Kid Ink,12
2Pac,12
My Chemical Romance,12
Emeli Sande,12
Nossa Nossa,12
Sunrise Avenue,12
Jason Derulo,12
Inna,12
The Wanted,12
Sia,12
Empire Of The Sun,11
Train,11
The Beatles,11
Taylor Swift,11
The BossHoss,10
Akon,10
Paramore,10
Kid Cudi,10
Snow Patrol,10
Falco,10
Lena,10
Leona Lewis,10
U2,10
Rohff,10
Roger Cicero,10
Plan B,10
Wir sind Helden,10
Jupiter Jones,9
OneRepublic,9
Meek Mill,9
Shakira,9
Sportfreunde Stiller,9
Flux Pavilion,9
Medina,9
Rolling Stones,9
Gildas Loaëc,9
"Black Squirrel (Broken, Beat & Scarred).mp3",9
Flo Rida,9
Alicia Keys,9
Amy MacDonald,9
Rolf Zuckowski,9
Calvin Harris,9
The Killers,9
El Presidente,9
Macklemore,9
Of Monsters and Men,9
Avenged Sevenfold,8
Bruce Springsteen,8
Sexion D’assaut,8
Frank Ocean,8
Alexander Knappe,8
Madonna,8
Silly,8
Marvin,8
Labrinth,8
Nirvana,8
Kylie,8
The Weeknd,8
Michael Kiwanuka,8
Rock Mafia,8
Ne-Yo,7
Die Kurzen Hosen,7
Caro Emerald,7
Professor Green,7
Youssoupha,7
Sum 41,7
Nas,7
Bowie,7
Gusttavo Lima,7
No Doubt,7
Birdy,7
Miguel,7
Hollywood Undead,7
Donna Lewis,7
Floyd,7
Aura,7
The xx,7
Seeed,7
Sean Paul,6
EnglandNewOrder,6
Guizmo,6
Mando Diao,6
Lady Antebellum,6
Evanescence,6
Philipp Poisel,6
Radiohead,6
Led Zeppelin,6
Moby,6
Edward Maya,6
Maria Carey,6
Timbaland,6
Kelly Row,6
Oasis,6
Rammstein,6
Roxette,6
The Black Keys,6
Modestep,6
Peter Fox,6
LMFAO,6
Avril Lavigne,6
Milow,6
Vybz Cartel,6
Foo Fighters,6
Dido,6
Otis Redding,6
Placebo,6
B.O.B.,6
Volker Rosin,6
OutKast,6
Take That,6
Mandy Capristo,6
B Bag Raiders,6
Fat Boy Slim,6
Alex Clare,6
Kelly Clarkson,6
Maverick Sabre,6
Ben Howard,6
Tokio Hotel,6
Limp Bizkit,6
Slipknot,5
Simple Plan,5
Swedish House Mafia,5
Alanis Morissette,5
Tinie Tempah,5
La Fouine,5
Die Fantastischen Vier,5
Rizzle Kicks,5
Gorillaz,5
Justin Timberlake,5
DJ Fresh,5
Bosse,5
Knife Party,5
Wretch 32,5
Duran Duran,5
Christina Stürmer,5
Culcha Candela,5
Arctic Monkeys,5
Queensberry,5
The Cure,5
Daddy Yankee,5
Elbow,5
Chima,5
Oceana,5
Prince,5
Madness,5
Conor Maynard,5
Sting,5
Bob Dylan,5
Jamiroquai,5
Snoop,5
2raumwohnung,5
Clueso,5
Maffay,5
M83,5
U-Jean,5
Daughtry,5
Queen,5
Nelly,5
Enrique Iglesias,5
The Smiths,5
Sultan,5
Adel Tawil,5
Paul Weller,5
P. Collins,4
Colbie Caillat,4
Eisblume,4
Jam,4
Spice Girls,4
Martin Solveig,4
Scorpions,4
Lionel Richie,4
Mark Forster,4
Marilyn Manson,4
Skillet,4
Neil Young,4
The Overtones,4
James Morrison,4
Jeremih,4
Echt,4
Tracy Chapman,4
Laith Al-Deen,4
Nick Kamen,4
Kraftwerk,4
Ellie Goulding,4
Alyssa Reid,4
Robbie Williams,4
Chase & Status,4
Kate Nash,4
RedLight,4
Stromae,4
Billy Talent,4
Kalenna,4
La Roux,4
The Vaccines,4
The Maccabees,4
Ren Harvieu,4
Breaking Benjamin,4
Natasha Bedingfield,4
Ciara,4
Maria Mena,4
JLS,4
OrelSan,4
Iyaz,4
Salif,4
Ivy Quainoo,4
Reinhard Lakomy,4
Example,4
Alphaville,4
Foals,4
Leonard Cohen,4
Various Cruelties,4
50 Cent,4
Chic,4
Milca,4
Guru Josh Project,4
Bon Jovi,4
Kris,4
Dante Thomas,4
Cassandra Steen,4
Imagine Dragons,4
Papa Roach,4
Diam's,4
Matt Cardle,4
The Saturdays,4
The Pretty Reckless,4
The Rasmus,4
Demi Lovato,4
Whitney,4
Selena Gomez,4
Bakkushan,4
Chief Keef,4
You Me At Six,4
Florent Pagny,3
Twin Atlantic,3
Daft Punk,3
Rod Stewart,3
RUN-DMC,3
Kasabian,3
Beach Boys,3
the GazettE,3
Elvis Costello,3
Prodigy,3
Sak Noel,3
Yellowcard,3
Jamie Foxx,3
Destiny's Child,3
Duman,3
Kirko Bangz,3
Paloma Faith,3
Disiz,3
The Kooks,3
The Script,3
Frank,3
McCartney,3
Gigi D'Agostino,3
AWOLNATION,3
Mario,3
Sub Focus,3
Gyptian,3
Rage Against The Machine,3
Rudimental,3
Blink 182,3
Megadeth,3
Soprano,3
Lambchop,3
Ryan Leslie,3
Santigold,3
Maximo Park,3
Trivium,3
Lucy Rose,3
The Ting Tings,3
Chemical Brothers,3
Miles Kane,3
A$AP Rocky,3
Fleetwood Mac,3
Stefan Raab,3
First Aid Kit,3
The All-American Rejects,3
Chairlift,3
Kaysha,3
The Shins,3
Bob Marley,3
John Martin,3
Jason Mraz,3
Norah Jones,3
Lunatic,3
French Montana,3
Yelawolf,3
Sleigh Bells,3
Sniper,3
Blur,3
Massive Attack,3
The Pogues,3
Armand Van Helden & A-TRAK present Duck Sauce,3
Ambrose Slade,3
Young Money,3
Survivor,3
Die Prinzen,3
Zebrahead,3
Rusko,3
Diane,3
Michel Teló,3
J Alvarez,3
Ich Kann Fliegen,3
Aaliyah,3
Count & Sinden,3
Suede,3
C2C,3
Status Quo,3
Laing,3
Psy,3
ZZ Top,3
SBTRKT,3
Marius Müller-Westernhagen,3
Vaya Con Dios,3
Temptations,3
The Kinks,3
Portishead,3
Childish Gambino,3
Jimmy Cliff,3
Jack White,3
Stooshe,3
Mattafix,3
D-Cup,3
Auletta,3
Wolfsheim,3
Bring Me the Horizon,3
I AM,3
Gabriella Cilmi,3
Franz Ferdinand,3
MSM,3
Glee Cast,3
Brooke Fraser,3
Joe Dolan,3
Vampire Weekend,3
Cro,3
Disclosure,3
Hot Chip,3
Richard Hawley,3
The Pierces,3
Madeon,3
Lianne La Havas,3
Pixie Lott,3
Jedward,3
Otto Knows,3
Mac Miller,3
Bloodhound Gang,3
Udo Lindenberg,3
Ennio Morricone,3
Bon Iver,3
Passenger,3
BIGBANG,3
Adam Lambert,3
John Mayer,3
Britney Spears,3
Herbert Grönemeyer,3
Craig David,3
The Fray,3
Will Smith,3
Duffy,2
Ron Pope,2
Field Music,2
Adrenaline Mob,2
Fall Out Boy,2
Polarkreis 18,2
Kindness,2
Donna Summer,2
Creedence Clearwater Revival,2
Coasters,2
The Verve,2
TV on the Radio,2
Mala,2
Amel Bent,2
Gramophonedzie,2
Luther Vandross,2
Django Django,2
Within Temptation,2
The Auteurs,2
Tulisa,2
Bury Tomorrow,2
Scritti Politti,2
Subsonica,2
Glasvegas,2
B2K,2
Doors,2
Corneille,2
ColdFrapp,2
Ina Müller,2
Bran' Nu,2
Foundations,2
Eve,2
Elton John,2
Phyllis Nelson,2
Roots Manuva,2
Cliff Richard,2
Unknown Mortal Orchestra,2
Lenny Kravitz,2
Machine Head,2
Enya,2
Thomas D,2
The Jesus & Mary Chain,2
Good Charlotte,2
Pietro Lombardi,2
Ilja Richter,2
Yannick Noah,2
Husky Rescue,2
Byrds,2
Jess Mills,2
TLF,2
Kool & The Gang,2
The Naked and Famous,2
DRY,2
Keri Hilson,2
Pulled Apart By Horses,2
Cypress Hill,2
Kathleen Edwards,2
Kelis,2
Cascada,2
Kaiser Chiefs,2
Tal,2
Tears for Fears,2
Manic Street Preachers,2
Brian Poole & The Tremeloes,2
Lenka,2
Fonky Family,2
Gary Jules,2
Santana,2
Rim'K,2
Game,2
Future,2
Waka Flocka,2
Grimes,2
Sway,2
Max Prosa,2
James,2
Manfred Mann,2
Simple Minds,2
All Saints,2
Glen Cambell,2
Parov Stelar,2
Little Amadeus feat. Heinz Rudolf Kunze,2
XXYYXX,2
All Time Low,2
Des'Ree,2
Westlife,2
Dario G,2
Dream Theater,2
Far East Movement,2
The Offspring,2
Lower Dens,2
Enigma,2
Azari & III,2
Cody Simpson,2
Mobb Deep,2
Ultravox,2
The Roots,2
RBD,2
CJ Taylor,2
Tina Turner,2
John Barrowman,2
Don,2
D'Banj,2
Paula Abdul,2
System of a Down,2
Texas,2
Avalanche City,2
Magnetic Man,2
Young Guns,2
Lostprophets,2
Ludacris,2
Enter Shikari,2
Daniele Negroni,2
Spandau Ballet,2
Raphael Saadiq,2
Black Lips,2
Groove Armada,2
Zedd,2
Leftfield,2
Human League,2
Frank Turner,2
Aretha Franklin,2
Peter Gabriel,2
Natalie Imbruglia,2
Kim,2
Pendulum,2
John,2
Manowar,2
Joe Jonas,2
Aerosmith,2
Nach,2
Ja Rule,2
Cher Lloyd,2
Daniel Merriweather,2
Jónsi,2
Doris Day,2
Korpiklaani,2
Pulp,2
Savage Garden,2
Will Young,2
Eric Prydz,2
Shinedown,2
Cream,2
PJ Harvey,2
Parachute,2
Gretchen Peters,2
A-Ha,2
Alannah Miles,2
Ryan Adams,2
The Waterboys,2
Eek-A-Mouse,2
Cee Lo,2
LEN,2
Jacques Brel,2
Counting Crows,2
Deadmau5,2
Heinz Rudolf Kunze,2
Patrick Swayze,2
The Crookes,2
Black Rebel Motorcycle Club,2
Belle & Sebastian,2
Wise Guys,2
Metro Station,2
Michael Schulte,2
Alexandra Burke,2
QOTSA,2
Anthony Hamilton,2
Kery James,2
Doctor P,2
Common,2
Azealia Banks,2
Mister You,2
George Michael,2
Friendly Fires,2
The Boomtown Rats,2
Frankie Goes To Hollywood,2
Melanie C,2
Mario Vazquez,2
Travis Porter,2
Miley Cyrus,2
Family Of The Year,2
Nneka,2
Billy Joel,2
Amerie,2
Jonas Brothers,2
Ryan Tedder,2
The Clash,2
Kosheen,2
Two Door Cinema Club,2
113,2
Owl City,2
Bonnie Tyler,2
Four Year Strong,2
John Legend,2
Korn,2
Thea Gilmore,2
Die Antwoord,2
Dolly Parton,2
Sheila on 7,2
Stone Sour,2
Anastacia,2
Alex Gaudino,2
Liquido,2
Chiddy Bang,2
LIGHTS,2
Chris Isaak,2
Rise Against,2
Marc Almond,2
Saphir,2
Alin Coen Band,2
Pantera,2
Dead by April,2
George Harrison,2
miss A,2
Tinchy Stryder,2
The Feeling,2
Johnny,2
Tribes,2
Nero,2
Zulu Winter,2
DJ Medhi,2
Joss Stone,2
Alesana,2
Rob Zombie,2
Sixpence None the Richer,2
Howler,2
Crystal Castles,2
The Adverts,2
Laza Morgan,2
MIKA,2
Fountains Of Wayne,2
Marquess,2
Wir 3,2
Cedric Gervais,2
Halestorm,2
Curtis Mayfield,2
White Rabbits,2
NINA SIMONE,2
Musiq,2
Klaxons,2
Brennan,2
B.Traits,2
Scissor Sisters,2
Sef,2
Incubus,2
Big Time Rush,2
Seal,2
Lucenzo,2
All The Young,2
Slow Club,2
April March,2
Jack Savoretti,2
Bonobo,2
Talking Heads,2
Bryan Adams,2
Keane,2
James Brown,2
Cannibal Corpse,2
Aztec Camera,2
Tim B.,2
Caravan Palace,2
The Stone Roses,2
Tank,2
Koffi Olomidé,2
Home,2
Robin Thicke,2
Morten Harket,2
Brian McKnight,2
Architects,2
McFly,2
Secondhand Serenade,2
Mavado,2
Cheryl,2
Gallows,2
Model,2
Joe,2
Dire Straits,2
Psychedelic Furs,2
The Red Jumpsuit Apparatus,1
Supremes,1
Heather Nova,1
X,1
Beethoven,1
AFTERSCHOOL,1
Baby Bash,1
Instrumenti,1
Rival Schools,1
Donikkl,1
Editors,1
Edmee,1
Wu Tang Clan,1
Busta,1
Therapy,1
Lightning Seeds,1
Tegan & Sara,1
Obús,1
DJ Paul,1
The Gathering,1
Justice vs Simian,1
Liga,1
NX Zero,1
Style Council,1
KODA KUMI,1
Finbar Furey,1
Puggy,1
Celsius,1
VersaEmerge,1
Asia,1
Bob Sinclair,1
Marina & the Diamonds,1
Dead Or Alive,1
Pretenders,1
Oh Land,1
Umal,1
The Cribs,1
Ingrosso,1
Debbie Harry,1
Stereolove,1
Black Label Society,1
Yuri Buenaventura,1
Housemartins,1
Obrint Pas,1
Biggie,1
DC Breaks,1
Sarah Connor,1
Cassie,1
Embrace,1
Skeletal Family,1
Kaotiko,1
DJ Hardwell,1
Prime Circle,1
Alonzo,1
Pop Evil,1
Nelson Freitas,1
65daysofstatic,1
John Waller,1
Klaus Lage,1
UFO,1
S Club 7,1
Fleet Foxes,1
Oli P,1
Naughty Boy,1
Angry Anderson,1
Nicolette Larson,1
Hocico,1
Culture Shock,1
Hundred Waters,1
Kevin Lyttle,1
Zaho,1
"Frampton, Peter",1
Black Sabbath,1
Wolf,1
Jazztronik,1
Meck,1
Guru,1
The Cat Empire,1
Celine Dion,1
Little Stevie Wonder,1
Totally Enormous Extinct Dinosaurs,1
Kym Sims,1
Shamen,1
In Flames,1
Gatto Fritto,1
WarCry,1
Muzzy,1
Number One Gun,1
DJ Tiesto,1
Aventura,1
Julian Lennon,1
The Gift,1
The Enid,1
Lifehouse,1
Echo & The Bunnymen,1
Passi,1
The Charlatans,1
Missy,1
Ailee,1
Teoman,1
Remaster),1
Cinema Bizarre,1
Sadek,1
Flipsyde,1
Momus,1
Lindisfarne,1
Floating Points,1
Bok Bok,1
Thee Oh Sees,1
Tom Williams and The Boat,1
Lark,1
Sharks,1
Starbuck,1
Inspiral Carpets,1
Mark Lanegan,1
Carimi,1
Just Jack,1
2PM,1
FC Kahuna,1
Iggy Pop,1
Jimi Hendrix,1
Matt Stevens,1
2 Chainz,1
Searchers,1
Mike Kalambay,1
Psyko Punkz,1
Beverley Craven,1
Stevie Nicks,1
Nada Surf,1
Sabaton,1
The Pitcher,1
2NE1,1
Roni Size,1
Specials,1
Lucas Grabeel,1
Diplo,1
Saigon Kick,1
The Puppini Sisters,1
Wild Cherry,1
Hindi Zahra,1
Andrew Bayer,1
Boney M,1
Wanz,1
The National,1
Metronomy,1
Iiris,1
Bei Maejor,1
The Five Keys,1
Tanzwut,1
Drumsound & Bassline Smith,1
Pink Martini,1
Arcade Fire,1
Washed Out,1
Hopsin,1
Lucy Pearl,1
Tindersticks,1
Martika,1
Isaac Hayes,1
Velile,1
Racionais MC's,1
Pet Shop Boys,1
The Flying Pickets,1
Clint Mansell,1
Ed Drewett,1
Cian Ciaran,1
Gareth Malone,1
Eva Simons,1
Fresku,1
Mariachi el Bronx,1
Ed Harcourt,1
Misty in Roots,1
Ann Sexton,1
Edguy,1
Cher,1
Maldita Nerea,1
Steppenwolf,1
Machine Gun Kelly,1
Swindle,1
Adrian Lux,1
Stiff Little Fingers,1
Freiheit,1
Skindred,1
Wynter Gordon,1
Jethro Tull,1
Rebecca Ferguson,1
Keaton Henson,1
Jon Bon Jovi,1
Saxon,1
Jeru the Damaja,1
Michelle Branch,1
The Others,1
The Cars,1
The 2 Bears,1
Jimmy the Hoover,1
Stereophonics,1
Aylin Prandi,1
Jessica Garlick,1
Dimartino,1
Righteous Brothers,1
9GOATS BLACK OUT,1
Tryo,1
Triggerfinger,1
Psy 4 de la Rime,1
Seefeel,1
TEEN TOP,1
Judie Tzuke,1
Kate Yanai,1
"Cocker, Joe",1
Stee Downes,1
TOY,1
Helloween,1
Nicky Romero,1
Kool Shen,1
The Cardigans,1
Code Black,1
Bob Seger & The Silver Bullet Band,1
US3,1
Luan Santana,1
The Lumineers,1
Panjabi MC,1
Versailles,1
Ivan Gough,1
Niro,1
Black Strobe,1
Mario Winans,1
The Wannadies,1
Slow Moving Millie,1
Xandria,1
DJ DOC,1
Birdbrain,1
N-Dubz,1
Gatibu,1
Wallen,1
Kishi Bashi,1
Kay One,1
Selah Sue,1
Max,1
Fantcha,1
Hans Zimmer,1
Alain Clark,1
Mason,1
Reverend and The Makers,1
Saez,1
Boyzone,1
Juanes,1
Five Finger Death Punch,1
Play & Win,1
Memphis May Fire,1
Phantom Planet,1
Serani,1
Laura Branigan,1
Mai Lan,1
Gojira,1
Blue,1
Cheb Khaled,1
Paradise Lost,1
Lucy Spraggan,1
Inaya Day,1
Ginuwine,1
Stumbleine,1
Orange Blue,1
PIL,1
Jeanette,1
Farruko,1
Solomon Burke,1
Clear Soul Forces,1
B.A.P,1
Katatonia,1
Life Without Buildings,1
Volbeat,1
Marques Houston,1
Diana King,1
Darren Criss,1
Steps,1
Kenza Farah,1
Band of Horses,1
Opeth,1
77 Bombay Street,1
Jana Kramer,1
SHANA,1
AxeWound,1
Sinik,1
KISS,1
Million Stylez,1
Vitalic,1
BLACKstreet,1
Supergrass,1
Big Sean,1
Casper,1
David Garrett,1
Jack's Mannequin,1
Poison,1
Rascal Flatts,1
Yeah Yeah Yeahs,1
Colonel Reyel,1
Alice Nine,1
Necro,1
James Blunt,1
Donny Hathaway,1
Kaskade,1
Iron Maiden,1
Sasha,1
Ashanti,1
The Velvet Underground,1
The Wilkinsons,1
Da Weasel,1
David Fonseca,1
Girl Talk,1
Ziynet Sali,1
Chris Rene,1
INXS,1
The Coral,1
Sing Um Dein Leben,1
Jennifer Hudson,1
Wisin & Yandel,1
Nause,1
Epica,1
Domo Genesis,1
Hooters,1
Joe Dassin,1
Doves,1
Darkthrone,1
Suicidal Tendencies,1
Mindless Behavior,1
Plazma,1
Yüksek Sadakat,1
Republica,1
Joy Division,1
Lori Meyers,1
Title Fight,1
Amy Can Flyy,1
Every Avenue,1
Die Maus,1
Dwele,1
Alexis Jordan,1
Lloyd,1
Julien Clerc,1
Karmin,1
Rubén Pozo,1
Janis Joplin,1
SebastiAn,1
A Tribe Called Quest,1
Love of Lesbian,1
Pignoise,1
Ruff Drivers,1
Aiden Grimshaw,1
Sufjan Stevens,1
Sizzla,1
Deniz Koyu,1
Despo,1
Natalia Kills,1
Mishima,1
Three Days Grace,1
Jessie Ware,1
G-DRAGON,1
One Chance,1
Modjo,1
Stellamara,1
Tiga,1
Slaughterhouse,1
Think About Life,1
Sam and The Womp,1
City & Colour,1
Sonia Dersion,1
Murray Head,1
Nine Inch Nails,1
The Runaways,1
Pogo,1
Pornopop,1
Serj Tankian,1
Kayliah,1
Apollo 3,1
B Fachada,1
Therion,1
Feeder,1
Eagles,1
Creed,1
DO,1
Arch Enemy,1
M-Clan,1
Tyrese,1
Mudvayne,1
Singuila,1
Sidecars,1
Siouxsie & The Banshees,1
Jim Noir,1
Pohlmann,1
Kaliber 44,1
Trio,1
Skid Row,1
Keyshia Cole,1
Joe Budden,1
Ashford & Simpson,1
Terri Walker,1
VNM,1
Feed The Rhino,1
Basto,1
Trading Yesterday,1
Kamelancien,1
Robert Miles,1
Buckethead,1
Gonzales,1
Obey The Brave,1
Bullet For My Valentine,1
BUCK-TICK,1
"Police, The",1
Godsmack,1
Calogero,1
CAKE,1
The Cranberries,1
Slayer,1
Meat Loaf,1
Destine,1
Charly Lownoise & Mental Theo,1
Tony Lucca,1
Sleeping With Sirens,1
Black Veil Brides,1
Sheryfa Luna,1
Mylène Farmer,1
Animals as Leaders,1
RJD2,1
Boards of Canada,1
Tame Impala,1
Ill Bill,1
Hungry Lucy,1
Chip Skylark,1
Kurban,1
Eurythmics,1
Yeli Fuzzo,1
Major Lazer,1
Gwen Stefani,1
Jackson 5,1
Ariana Grande,1
Michael Bublé,1
Monica,1
Angra,1
Shontelle,1
Joachim Witt,1
Adelitas Way,1
Gabrielle,1
Chaka Demus & Pliers,1
MellowHype,1
Motionless In White,1
Thayna,1
Syd Barrett,1
Irfan Makki,1
Praye,1
Butthole Surfers,1
Murderdolls,1
P-Square,1
Matthew Good Band,1
Kansas,1
Flimmerfrühstück,1
Sefyu,1
Pretty Ricky,1
BodyRockers,1
Jet,1
Veto,1
J-Son,1
Angel & Khriz,1
Soulja Boy,1
All That Remains,1
Entics,1
Asher Roth,1
Fort Minor,1
Tiersen,1
Pharell,1
DIR EN GREY,1
Camouflage,1
SoulEye,1
Sebastien Tellier,1
Anouk,1
Opus,1
Whitesnake,1
Rita Ora,1
Interpol,1
Larse,1
D-12,1
The Chevin,1
Djany,1
Cherish,1
Namie Amuro,1
In-Grid,1
Tesla Boy,1
The Kyteman Orchestra,1
Toby Love,1
Yiruma,1
Willow,1
Yellow Claw,1
Everything Is Made in China,1
Jimmy Sissoko,1
Acey Slade & The Dark Party,1
Big Joe Williams,1
Geeta Dutt,1
The Rapture,1
The Cast of Cheers,1
Longpigs,1
Datsik,1
The Three Degrees,1
The Lancashire Hotpots,1
Fighting Kites,1
Mohombi,1
Philm,1
Billy Fury,1
Katherine Jenkins,1
Wale,1
Garbage,1
Ice Cube,1
Slow Magic,1
Lee Ranaldo,1
Eskiboy,1
Ingrid Michaelson,1
Aphex Twin,1
Ying Yang Twins,1
Benni Benassi,1
Blümchen,1
Gym Class Heroes,1
Jim Reeves,1
Jimmy Radcliffe,1
Coffee,1
Standard Fare,1
Radical Face,1
Nina Hagen,1
Mikado,1
Real Thing,1
Allstar Weekend,1
Patti Smith Group,1
Above & Beyond,1
Chicago,1
Fashawn,1
Mountain Man,1
ISkream,1
Accept,1
K. Dot,1
Julio Bashmore,1
Cab Calloway,1
Reamon,1
Nate D,1
Porta,1
Rainbirds,1
Lasgo,1
Gerhard Schöne,1
Insomnium,1
Huey Lewis,1
Panik,1
The Animals,1
I Am Oak,1
MNDR,1
Amon Amarth,1
The Melodians,1
Flo Mega,1
Tony Bennet,1
Yes,1
Weezer,1
Francky Vincent,1
Noize MC,1
Benjamin Francis Leftwich,1
Charlene Soraia,1
Rheingold,1
Coldcut,1
beFour,1
Hybrid Theory,1
Rick Astley,1
Wintersleep,1
Shop Assistants,1
Humming Urban Stereo,1
CLSM,1
Jeff Buckley,1
Case,1
Prefab Sprout,1
DJ Nut Nut,1
Barbra Streisand,1
Babybird,1
Dethklok,1
Cornershop,1
Mark Ronson,1
Gus Gus,1
Thin Lizzy,1
AC Acoustics,1
The Barracudas,1
Marky Mark,1
2562,1
Planet Funk,1
Kraantje Pappie,1
VF,1
Richard Bedford,1
Wolfmother,1
The Musgraves,1
Boyce Avenue,1
Jennifer Rene,1
Fun Boy Three,1
Regina Spektor,1
Josh Groban,1
Cage The Elephant,1
Laleh,1
Tove Styrke,1
Edwin Starr,1
Egypt Central,1
Afu Ra,1
Yasemin Mori,1
Graham Parker,1
Jamie XX,1
Marc Nelson,1
Kapten Röd,1
Brotherhood of Man,1
Winne,1
Hipsway,1
Nakatomi,1
Odd Parents,1
De Smurfen,1
Diabulus in Musica,1
Wildstylez,1
Neon Trees,1
Beats International,1
Art Brut,1
The Golden Horde,1
Boys Like Girls,1
The Pipettes,1
Shonen Knife,1
Chicane,1
Junip,1
JD McPherson,1
OMC,1
Victoria & Jacob,1
The Fratellis,1
Drifters,1
Laura Nyro,1
Judas Priest,1
Blondie,1
Sade,1
Grouplove,1
Eric Saade,1
Dinah Washington,1
SUPER JUNIOR,1
Lisa Mitchell,1
Bad Company,1
Ryan Paris,1
The Wombats,1
Nicco,1
The Irrepressibles,1
Orange Goblin,1
Austra,1
Pearl Jam,1
Calling,1
Jean-Pierre Mader,1
Sandy Posey,1
Element of Crime,1
Acda en De Munnik,1
Star Slinger,1
The Amity Affliction,1
Bangels,1
Hadise,1
Malcolm Roberts,1
The Strokes,1
Nine Pound Hammer,1
Rufus,1
Jack Johnson,1
Anna Calvi,1
Biffy Clyro,1
The Black Pony,1
Alabama,1
Gavin Herlihy,1
Jackson Browne,1
Sam Cooke,1
Smashing Pumpkins,1
Simon & Garfunkel,1
Fair Ohs,1
K Franklin,1
Eppu Normaali,1
Forest Fire,1
The Liftmen,1
Jonathan Richman,1
Shatner,1
MGMT,1
Swamp Dogg,1
Liquideep,1
Frank Ramond,1
White Denim,1
Chairman of The Board,1
Johnny Cash,1
The Korgis,1
DEV,1
Sonic Youth,1
New Look,1
Al Green,1
Foreigner,1
Gang Colours,1
El Pescao,1
Slash,1
Emancipator,1
Plastic,1
Dillinja,1
Outlandish,1
Al Stewart,1
Dizzee Rascal,1
Kempi,1
Devin,1
Serge Gainsbourg,1
Jamie Woon,1
Xpansions,1
Sons of Midnight,1
Tenth Avenue North,1
Lissie,1
John Paul Young,1
The Vanilla Fudge,1
Eberhard Weber,1
Octave One,1
Beach House,1
Todd Terje,1
Carly,1
The Futureheads,1
Arcadia,1
LS Jack,1
The Devil Wears Prada,1
Gary Numan,1
3 Doors Down,1
Lindsay Lohan,1
Al Wilson,1
The Pursuit of Happiness,1
Gudda,1
Booka Shade,1
True Tiger,1
Juliane Werding,1
Stanfour,1
DJ Friction,1
Johnny Hallyday,1
Samy Deluxe,1
Attack,1
Band of Skulls,1
Erasure,1
Alien Ant Farm,1
Swing Out Sister,1
Skepta,1
Bad Religion,1
Wilco,1
Steve Winwood,1
The Undertones,1
Toploader,1
Madina Lake,1
J. Cole,1
Laura Marling,1
T Pain,1
Swim Deep,1
DJ Antoine,1
Lee DeWyze,1
Jah Cure,1
Gloriana,1
Pierangelo Bertoli,1
Children of Bodom,1
Kraftklub,1
Marshall Jefferson,1
Lynyrd Skynyrd,1
ATB,1
Freeez,1
Alex Band,1
Robin S,1
Jay-Jay Johanson,1
Everly Brothers,1
PNAU,1
Natalie Cole,1
Ava Luna,1
Yvonne Elliman,1
World of Twist,1
Andy Williams,1
Gabriel & Dresden,1
JYJ,1
Kirsty MacColl,1
Sunnery James & Ryan Marciano,1
Althea & Donna,1
Original Pistols,1
Little Dragon,1
Mary Epworth,1
Lightships,1
Y Niwl,1
White Lies,1
Jamie Hartman,1
Donovan,1
Sheila & B. Devotion,1
2 in a Room,1
Steve,1
Pete Doherty,1
J. Reed,1
Gigolo Aunts,1
The Morning Benders,1
Techniques,1
Tragédie,1
Bush,1
Ten Years After,1
Melanie,1
Rick James,1
Peasant,1
Bloodybeetroots,1
Sharon Van Etten,1
Boys2Men,1
Lauryn Hill,1
Klee,1
Harold Melvin,1
Mudhoney,1
Tung Twista,1
Mix Master Mike,1
Andrew Gold,1
The Boy Who Trapped the Sun,1
Inner City,1
Pete Yorn,1
Green,1
Mission U.K.,1
Logistics,1
Dave Days,1
Julie London,1
Shyheim,1
A Guy Called Gerald,1
Jagged Edge,1
Of Mice & Men,1
Perry Como,1
Ayman,1
A Friend In London,1
The Cinematic Orchestra,1
Le Le,1
The Innocence Mission,1
Steel Panther,1
Devour,1
Smash Mouth,1
Kula Shaker,1
Way Yes,1
Vacuum,1
Beady Eye,1
CAN,1
Jesca Hoop,1
Rumer,1
EMF,1
Primal Scream,1
Studio Killers,1
Uriah Heep,1
Sophie B. Hawkins,1
Blue Foundation,1
Lovex,1
Agnes,1
Juan Magan,1
Astral Projection,1
Soundgarden,1
Vasco Rossi,1
Mystery Jets,1
Lucio Battisti,1
Emma Hewitt,1
DatA,1
John Travolta,1
The Rembrandts,1
Pusha,1
Skylar Grey,1
Girls,1
Priscillia,1
Bebe,1
Pond,1
Gary Go,1
Friends,1
Dan Fogelberg,1
Thomas Godoj,1
Guus Meeuwis,1
Sara Bareilles,1
The Staves,1
Ysa Ferrer,1
Renaissance,1
Shania Twain,1
Omarion,1
Purity Ring,1
Dead Prez,1
Tat,1
St. Germain,1
Engelbert,1
Big Star,1
Disturbed,1
Bryan Ferry,1
Alice in Chains,1
Hinder,1
Ozzy,1
Man Overboard,1
The Used,1
Women,1
Get Scared,1
Despised Icon,1
Juan Zelada,1
Orbital,1
Teenage Fanclub,1
UB40,1
Euros Childs,1
B5,1
Judy Collins,1
Damon Albarn,1
Milk Music,1
Four Tops,1
Noah & The Whale,1
Lewi White,1
Jocelyn B. Smith,1
Darude,1
Mogwai,1
David Bisbal,1
Sugababes,1
Chad Valley,1
Herbie Hancock,1
British Sea Power,1
We Are Augustines,1
Uffie,1
"Four Seasons, The",1
Eddie & The Hot Rods,1
Radiodervish,1
Rebel MC,1
Real Estate,1
King Stitt,1
Wye Oak,1
Lil B,1
Mika,1
Warpaint,1
Fundo de Quintal,1
Marcus Miller,1
Nadia Ali,1
Wax,1
D'Angelo,1
Stateless,1
The Bluetones,1
Lily Allen,1
The Civil Wars,1
Bombay Bicycle Club,1
Refused,1
Useless ID,1
Battles,1
Edith Backlund,1
Starsailor,1
Mylo,1
Patty Bravo,1
Tom Jones,1
The Village People,1
Spank Rock,1
Los,1
Kate Bush,1
PsyOpus,1
Jimmy Edgar,1
Exitmusic,1
Public Enemy,1
The Flowerpot Men,1
Scooter,1
Nerina Pallot,1
Wonder Girls,1
Dirty Projectors,1
At the Drive-In,1
4Minute,1
The Fall,1
Sirah,1
Backstreet Boys,1
Pied Piper,1
Pixies,1
Motley Crue,1
Enei,1
Billy Cobham,1
Ann Robinson,1
Noha,1
Misha B,1
Spencer Davis Group,1
Bill Withers,1
Jam & Spoon's Hands On Yello,1
Modeselektor,1
Drums of Death,1
Electric Guest,1
Damian,1
Del Amitri,1
Blonde Redhead,1
Cobra Starship,1
Grace Jones,1
Joe Goddard,1
Backyard Babies,1
Utah Saints,1
Toots,1
Gotan Project,1
En Vogue,1
Mike Wexler,1
Antony and the Johnsons,1
Forest,1
Austin Mahone,1
Josh Rouse,1
Staind,1
James Horner,1
School of Seven Bells,1
I Am Arrows,1
Alt-J,1
Eddie,1
Bay City Rollers,1
The Internet,1
Catatonia,1
Joni Mitchell,1
Plain White T's,1
Arms and Sleepers,1
Sarah Blasko,1
Parliament,1
The Veronicas,1
Hannah Montana,1
Marque,1
Winds of Plague,1
Nakk,1
Camo & Krooked,1
Talk Talk,1
The Contours,1
The Vines,1
Madvillain,1
ZAZ,1
Deap Vally,1
Yung Joc,1
Travie McCoy,1
Laura Pausini,1
Litfiba,1
Coltrane,1
Patten,1
Luke Abbott,1
Ian Dury,1
Raul Malo,1
Ma$e,1
Bobby Helms,1
Four Tet,1
Peter Bjorn and John,1
Adam Faith,1
Band Aid,1
WestBam,1
Barry,1
Schnappi,1
Waldeck,1
Can Bonomo,1
Black Stone Cherry,1
Fireflight,1
Miike Snow,1
The Wedding Present,1
Flying Burrito Brothers,1
R.I.P.,1
Lacuna Coil,1
Badfinger,1
"Pendergrass, Teddy",1
Dominik Büchele,1
Cardiacs,1
Georgie Fame,1
Silversun Pickups,1
Monrose,1
Francesca,1
THEESatisfaction,1
Wamdue Project,1
Era,1
Steel Dragon,1
OMD,1
Charlie Poole & The North Carolina Ramblers,1
7 Skies,1
The Blue Aeroplanes,1
Slapp Happy,1
J. P. Richardson,1
Die Rinks,1
Madi Diaz,1
Jacques Dutronc,1
Ken Dodd,1
Frank Zappa,1
Tom Petty,1
Black Spiders,1
Gaz Coombes,1
Charlie Gracie,1
LCD Soundsystem,1
Peven Everett,1
Boingo,1
Matanza,1
Sister Sledge,1
David McCallum,1
Bloc Party,1
Fettes Brot,1
Chris Rea,1
Van Morrison,1
Patti Smith,1
Citizen King,1
